datetime,C6H6(GT),prediction,absolute_error
2005-01-30 20:00:00,3.9,3.136,0.764
2005-01-30 21:00:00,4.1,3.4205,0.6795
2005-01-30 22:00:00,2.4,1.0168,1.3832
2005-01-30 23:00:00,3.5,2.731,0.769
2005-01-31 00:00:00,4.6,4.4646,0.1354
2005-01-31 01:00:00,3.0,2.4343,0.5657
2005-01-31 02:00:00,1.0,-0.7301,1.7301
2005-01-31 04:00:00,0.4,-1.731,2.131
2005-01-31 05:00:00,0.3,-2.3366,2.6366
2005-01-31 06:00:00,0.6,-1.9427,2.5427
2005-01-31 07:00:00,1.4,-0.3545,1.7545
2005-01-31 08:00:00,7.1,7.4499,0.3499
2005-01-31 10:00:00,15.1,15.1376,0.0376
2005-01-31 11:00:00,12.5,12.5791,0.0791
2005-01-31 12:00:00,12.8,13.1772,0.3772
2005-01-31 13:00:00,11.9,12.2741,0.3741
2005-01-31 14:00:00,11.7,11.9384,0.2384
2005-01-31 15:00:00,14.7,14.3565,0.3435
2005-01-31 16:00:00,15.7,15.6045,0.0955
2005-01-31 17:00:00,21.1,20.4792,0.6208
2005-01-31 18:00:00,27.4,26.406,0.994
2005-01-31 19:00:00,30.8,29.3402,1.4598
2005-01-31 20:00:00,29.2,28.5204,0.6796
2005-01-31 21:00:00,15.0,15.5533,0.5533
2005-01-31 22:00:00,7.1,6.6699,0.4301
2005-01-31 23:00:00,5.4,4.3213,1.0787
2005-02-01 00:00:00,4.8,3.6893,1.1107
2005-02-01 01:00:00,3.8,2.3767,1.4233
2005-02-01 02:00:00,3.5,1.9749,1.5251
2005-02-01 04:00:00,3.6,1.7673,1.8327
2005-02-01 05:00:00,3.8,2.081,1.719
2005-02-01 06:00:00,4.2,2.9995,1.2005
2005-02-01 07:00:00,7.7,7.5095,0.1905
2005-02-01 08:00:00,20.0,20.6081,0.6081
2005-02-01 09:00:00,22.1,22.9562,0.8562
2005-02-01 10:00:00,17.2,18.5686,1.3686
2005-02-01 11:00:00,21.4,21.9086,0.5086
2005-02-01 12:00:00,19.8,20.8007,1.0007
2005-02-01 13:00:00,18.8,18.7932,0.0068
2005-02-01 14:00:00,18.8,19.0986,0.2986
2005-02-01 15:00:00,16.7,16.4842,0.2158
2005-02-01 16:00:00,14.4,14.5445,0.1445
2005-02-01 17:00:00,16.3,16.4969,0.1969
2005-02-01 18:00:00,14.4,15.141,0.741
2005-02-01 19:00:00,17.0,17.6248,0.6248
2005-02-01 20:00:00,14.8,15.8221,1.0221
2005-02-01 21:00:00,9.8,10.7456,0.9456
2005-02-01 22:00:00,6.1,6.7429,0.6429
2005-02-01 23:00:00,5.4,5.5265,0.1265
2005-02-02 00:00:00,4.7,4.6201,0.0799
2005-02-02 01:00:00,5.1,5.2865,0.1865
2005-02-02 02:00:00,6.9,7.5032,0.6032
2005-02-02 04:00:00,4.8,4.6451,0.1549
2005-02-02 05:00:00,3.6,2.8286,0.7714
2005-02-02 06:00:00,4.5,4.1031,0.3969
2005-02-02 07:00:00,5.2,5.3081,0.1081
2005-02-02 08:00:00,15.1,16.4183,1.3183
2005-02-02 09:00:00,27.3,27.3952,0.0952
2005-02-02 10:00:00,19.6,21.3058,1.7058
2005-02-02 11:00:00,14.8,16.4657,1.6657
2005-02-02 12:00:00,14.5,16.0078,1.5078
2005-02-02 13:00:00,10.1,11.1292,1.0292
2005-02-02 14:00:00,10.1,10.6592,0.5592
2005-02-02 15:00:00,8.3,8.6629,0.3629
2005-02-02 16:00:00,9.0,9.2497,0.2497
2005-02-02 17:00:00,13.4,14.0721,0.6721
2005-02-02 18:00:00,19.5,20.4642,0.9642
2005-02-02 19:00:00,27.8,27.0925,0.7075
2005-02-02 20:00:00,31.4,29.4416,1.9584
2005-02-02 21:00:00,15.6,16.8642,1.2642
2005-02-02 22:00:00,7.0,6.35,0.65
2005-02-02 23:00:00,7.8,7.2531,0.5469
2005-02-03 00:00:00,5.6,4.8917,0.7083
2005-02-03 01:00:00,6.0,5.3188,0.6812
2005-02-03 02:00:00,3.9,2.7101,1.1899
2005-02-03 05:00:00,2.9,0.5837,2.3163
2005-02-03 06:00:00,2.8,0.4905,2.3095
2005-02-03 07:00:00,4.2,2.5847,1.6153
2005-02-03 08:00:00,16.7,16.2247,0.4753
2005-02-03 09:00:00,29.1,27.2555,1.8445
2005-02-03 10:00:00,20.7,21.1125,0.4125
2005-02-03 11:00:00,15.5,15.3736,0.1264
2005-02-03 12:00:00,10.3,10.0344,0.2656
2005-02-03 13:00:00,13.8,13.0728,0.7272
2005-02-03 14:00:00,12.7,12.3555,0.3445
2005-02-03 15:00:00,11.4,10.9374,0.4626
2005-02-03 16:00:00,10.2,9.7466,0.4534
2005-02-03 17:00:00,14.3,13.5124,0.7876
2005-02-03 18:00:00,32.4,30.5244,1.8756
2005-02-03 19:00:00,29.0,28.0097,0.9903
2005-02-03 20:00:00,17.6,17.4909,0.1091
2005-02-03 21:00:00,12.6,12.025,0.575
2005-02-03 22:00:00,15.5,14.6787,0.8213
2005-02-03 23:00:00,9.1,8.3692,0.7308
2005-02-04 00:00:00,6.4,4.9296,1.4704
2005-02-04 01:00:00,5.1,3.7334,1.3666
2005-02-04 02:00:00,3.3,1.3028,1.9972
2005-02-04 04:00:00,3.1,1.1267,1.9733
2005-02-04 05:00:00,2.2,-0.3064,2.5064
2005-02-04 06:00:00,3.9,1.8678,2.0322
2005-02-04 07:00:00,6.9,5.9513,0.9487
2005-02-04 08:00:00,19.7,19.2782,0.4218
2005-02-04 09:00:00,20.1,19.0371,1.0629
2005-02-04 10:00:00,16.3,15.5118,0.7882
2005-02-04 11:00:00,14.3,14.5159,0.2159
2005-02-04 12:00:00,7.0,6.2625,0.7375
2005-02-04 13:00:00,6.3,5.3454,0.9546
2005-02-04 14:00:00,8.6,8.2913,0.3087
2005-02-04 15:00:00,6.6,5.779,0.821
2005-02-04 16:00:00,6.1,5.0438,1.0562
2005-02-04 17:00:00,8.8,8.1001,0.6999
2005-02-04 18:00:00,9.4,9.0478,0.3522
2005-02-04 19:00:00,11.8,11.9299,0.1299
2005-02-04 20:00:00,11.3,11.0566,0.2434
2005-02-04 21:00:00,9.7,10.1782,0.4782
2005-02-04 22:00:00,5.8,5.2244,0.5756
2005-02-04 23:00:00,5.3,4.3974,0.9026
2005-02-05 00:00:00,5.3,4.607,0.693
2005-02-05 01:00:00,5.1,4.244,0.856
2005-02-05 02:00:00,4.8,3.6633,1.1367
2005-02-05 04:00:00,7.0,6.5569,0.4431
2005-02-05 05:00:00,4.4,3.0101,1.3899
2005-02-05 06:00:00,5.6,4.0253,1.5747
2005-02-05 07:00:00,7.3,6.2327,1.0673
2005-02-05 08:00:00,12.7,13.0794,0.3794
2005-02-05 09:00:00,11.3,12.6731,1.3731
2005-02-05 10:00:00,4.9,3.9459,0.9541
2005-02-05 11:00:00,3.8,2.427,1.373
2005-02-05 12:00:00,3.4,1.8925,1.5075
2005-02-05 13:00:00,4.2,2.9032,1.2968
2005-02-05 14:00:00,3.7,2.2259,1.4741
2005-02-05 15:00:00,3.3,1.5146,1.7854
2005-02-05 16:00:00,3.4,1.6428,1.7572
2005-02-05 17:00:00,3.1,1.2569,1.8431
2005-02-05 18:00:00,4.3,2.7313,1.5687
2005-02-05 19:00:00,6.2,5.4341,0.7659
2005-02-05 20:00:00,5.2,4.1159,1.0841
2005-02-05 21:00:00,5.8,4.7336,1.0664
2005-02-05 22:00:00,3.5,1.9844,1.5156
2005-02-05 23:00:00,4.9,3.9297,0.9703
2005-02-06 00:00:00,4.7,4.3305,0.3695
2005-02-06 01:00:00,4.9,4.2666,0.6334
2005-02-06 02:00:00,5.0,4.0862,0.9138
2005-02-06 05:00:00,1.8,-0.1642,1.9642
2005-02-06 06:00:00,1.3,-1.0569,2.3569
2005-02-06 07:00:00,1.5,-0.8585,2.3585
2005-02-06 08:00:00,1.3,-1.3218,2.6218
2005-02-06 09:00:00,2.0,-0.1749,2.1749
2005-02-06 10:00:00,4.3,3.2252,1.0748
2005-02-06 11:00:00,6.7,6.1271,0.5729
2005-02-06 12:00:00,4.6,3.685,0.915
2005-02-06 13:00:00,3.5,2.2036,1.2964
2005-02-06 14:00:00,2.1,0.0238,2.0762
2005-02-06 15:00:00,1.9,-0.2771,2.1771
2005-02-06 16:00:00,2.7,0.9625,1.7375
2005-02-06 17:00:00,3.7,2.1969,1.5031
2005-02-06 18:00:00,2.9,1.0455,1.8545
2005-02-06 19:00:00,4.5,3.2554,1.2446
2005-02-06 20:00:00,5.3,4.5009,0.7991
2005-02-06 21:00:00,3.7,2.4132,1.2868
2005-02-06 22:00:00,2.6,1.0394,1.5606
2005-02-06 23:00:00,2.4,0.8205,1.5795
2005-02-07 00:00:00,2.4,1.2493,1.1507
2005-02-07 01:00:00,2.0,0.6628,1.3372
2005-02-07 02:00:00,1.5,-0.1242,1.6242
2005-02-07 04:00:00,0.8,-1.6695,2.4695
2005-02-07 05:00:00,1.0,-1.6597,2.6597
2005-02-07 06:00:00,1.3,-1.1861,2.4861
2005-02-07 07:00:00,2.4,0.5365,1.8635
2005-02-07 08:00:00,8.7,8.4297,0.2703
2005-02-07 09:00:00,10.5,10.2785,0.2215
2005-02-07 10:00:00,7.9,7.5836,0.3164
2005-02-07 11:00:00,6.5,5.947,0.553
2005-02-07 12:00:00,5.7,5.0382,0.6618
2005-02-07 13:00:00,6.2,5.5904,0.6096
2005-02-07 14:00:00,5.4,4.6316,0.7684
2005-02-07 15:00:00,4.9,3.8686,1.0314
2005-02-07 16:00:00,5.0,3.9362,1.0638
2005-02-07 17:00:00,6.9,6.093,0.807
2005-02-07 18:00:00,7.5,6.7541,0.7459
2005-02-07 19:00:00,8.2,7.6484,0.5516
2005-02-07 20:00:00,7.7,7.1,0.6
2005-02-07 21:00:00,4.5,3.532,0.968
2005-02-07 22:00:00,2.7,1.0051,1.6949
2005-02-07 23:00:00,2.3,0.5903,1.7097
2005-02-08 00:00:00,2.1,0.4421,1.6579
2005-02-08 01:00:00,1.4,-0.5146,1.9146
2005-02-08 02:00:00,0.8,-1.5504,2.3504
2005-02-08 04:00:00,1.0,-1.4427,2.4427
2005-02-08 05:00:00,1.3,-1.0674,2.3674
2005-02-08 06:00:00,1.6,-0.6924,2.2924
2005-02-08 07:00:00,3.0,1.5778,1.4222
2005-02-08 08:00:00,10.0,9.9209,0.0791
2005-02-08 09:00:00,15.1,14.5921,0.5079
2005-02-08 10:00:00,8.6,8.4428,0.1572
2005-02-08 11:00:00,6.9,6.1244,0.7756
2005-02-08 12:00:00,7.6,7.0073,0.5927
2005-02-08 13:00:00,6.9,6.1296,0.7704
2005-02-08 14:00:00,8.5,8.2528,0.2472
2005-02-08 15:00:00,5.3,4.5769,0.7231
2005-02-08 16:00:00,4.4,3.5586,0.8414
2005-02-11 21:00:00,16.8,16.094,0.706
2005-02-11 22:00:00,13.0,13.5054,0.5054
2005-02-11 23:00:00,12.6,12.6044,0.0044
2005-02-12 00:00:00,14.2,14.6485,0.4485
2005-02-12 01:00:00,12.9,13.6773,0.7773
2005-02-12 02:00:00,9.7,10.1874,0.4874
2005-02-12 05:00:00,6.6,5.3243,1.2757
2005-02-12 06:00:00,7.3,6.0051,1.2949
2005-02-12 07:00:00,8.8,7.7256,1.0744
2005-02-12 08:00:00,11.9,11.0996,0.8004
2005-02-12 09:00:00,12.0,11.1719,0.8281
2005-02-12 10:00:00,11.9,11.2112,0.6888
2005-02-12 11:00:00,16.2,15.5391,0.6609
2005-02-12 12:00:00,17.6,16.4249,1.1751
2005-02-12 13:00:00,17.6,16.8869,0.7131
2005-02-12 14:00:00,17.5,16.5884,0.9116
2005-02-12 15:00:00,15.7,14.6569,1.0431
2005-02-12 16:00:00,16.7,15.5444,1.1556
2005-02-12 17:00:00,17.1,16.3282,0.7718
2005-02-12 18:00:00,23.0,21.7073,1.2927
2005-02-12 19:00:00,24.6,23.2518,1.3482
2005-02-12 20:00:00,26.8,25.2935,1.5065
2005-02-12 21:00:00,23.2,22.5905,0.6095
2005-02-12 22:00:00,22.0,21.6578,0.3422
2005-02-12 23:00:00,20.4,19.9361,0.4639
2005-02-13 00:00:00,18.0,17.6369,0.3631
2005-02-13 01:00:00,18.5,18.1734,0.3266
2005-02-13 02:00:00,13.3,13.1608,0.1392
2005-02-13 04:00:00,12.5,12.1831,0.3169
2005-02-13 05:00:00,11.5,11.2786,0.2214
2005-02-13 06:00:00,10.9,10.4119,0.4881
2005-02-13 07:00:00,10.7,10.2638,0.4362
2005-02-13 08:00:00,11.9,11.7672,0.1328
2005-02-13 09:00:00,13.4,13.5786,0.1786
2005-02-13 10:00:00,13.0,12.9522,0.0478
2005-02-13 11:00:00,11.2,11.3734,0.1734
2005-02-13 12:00:00,5.5,3.7896,1.7104
2005-02-13 13:00:00,4.9,3.1561,1.7439
2005-02-13 14:00:00,6.5,5.1805,1.3195
2005-02-13 15:00:00,8.4,7.5038,0.8962
2005-02-13 16:00:00,4.4,2.903,1.497
2005-02-13 17:00:00,4.3,2.5934,1.7066
2005-02-13 18:00:00,11.6,11.2992,0.3008
2005-02-13 19:00:00,9.0,8.5782,0.4218
2005-02-13 20:00:00,7.8,7.4407,0.3593
2005-02-13 21:00:00,3.7,2.1748,1.5252
2005-02-13 22:00:00,5.3,4.1187,1.1813
2005-02-13 23:00:00,5.6,4.6463,0.9537
2005-02-14 00:00:00,5.3,4.517,0.783
2005-02-14 01:00:00,6.0,5.4828,0.5172
2005-02-14 02:00:00,4.0,2.7662,1.2338
2005-02-14 04:00:00,1.8,-0.5894,2.3894
2005-02-14 05:00:00,1.5,-0.8628,2.3628
2005-02-14 06:00:00,2.9,1.1133,1.7867
2005-02-14 07:00:00,2.2,0.6989,1.5011
2005-02-14 08:00:00,11.4,11.6824,0.2824
2005-02-14 09:00:00,9.5,9.674,0.174
2005-02-14 10:00:00,11.6,10.8214,0.7786
2005-02-14 11:00:00,33.9,26.4222,7.4778
2005-02-14 12:00:00,7.6,7.8202,0.2202
2005-02-14 13:00:00,7.0,5.9805,1.0195
2005-02-14 14:00:00,6.9,6.1706,0.7294
2005-02-14 15:00:00,5.8,4.7582,1.0418
2005-02-14 16:00:00,5.2,4.0165,1.1835
2005-02-14 17:00:00,6.4,5.6632,0.7368
2005-02-14 18:00:00,11.9,11.6064,0.2936
2005-02-14 19:00:00,17.4,17.8763,0.4763
2005-02-14 20:00:00,14.7,15.4395,0.7395
2005-02-14 21:00:00,10.0,11.1056,1.1056
2005-02-14 22:00:00,6.6,6.6622,0.0622
2005-02-14 23:00:00,6.6,6.5313,0.0687
2005-02-15 00:00:00,3.1,2.2408,0.8592
2005-02-15 01:00:00,2.2,1.0902,1.1098
2005-02-15 02:00:00,1.3,-0.2844,1.5844
2005-02-15 05:00:00,0.5,-1.8472,2.3472
2005-02-15 06:00:00,1.3,-0.5998,1.8998
2005-02-15 07:00:00,2.5,0.9385,1.5615
2005-02-15 08:00:00,6.7,6.5488,0.1512
2005-02-15 09:00:00,8.0,8.1272,0.1272
2005-02-15 10:00:00,5.3,4.9936,0.3064
2005-02-15 11:00:00,3.3,2.4729,0.8271
2005-02-15 12:00:00,4.4,3.8074,0.5926
2005-02-15 13:00:00,5.5,5.0484,0.4516
2005-02-15 14:00:00,4.8,4.1156,0.6844
2005-02-15 15:00:00,3.5,2.3545,1.1455
2005-02-15 16:00:00,4.9,4.4219,0.4781
2005-02-15 17:00:00,6.6,6.0589,0.5411
2005-02-15 18:00:00,12.3,12.1224,0.1776
2005-02-15 19:00:00,14.1,14.0549,0.0451
2005-02-15 20:00:00,14.2,14.5986,0.3986
2005-02-15 21:00:00,11.6,12.3004,0.7004
2005-02-15 22:00:00,8.2,8.2649,0.0649
2005-02-15 23:00:00,9.2,9.2695,0.0695
2005-02-16 00:00:00,8.3,8.1579,0.1421
2005-02-16 01:00:00,10.7,10.9777,0.2777
2005-02-16 02:00:00,8.0,7.9341,0.0659
2005-02-16 04:00:00,4.5,3.3345,1.1655
2005-02-16 05:00:00,3.8,2.0777,1.7223
2005-02-16 06:00:00,5.1,3.6933,1.4067
2005-02-16 07:00:00,8.8,8.1696,0.6304
2005-02-16 08:00:00,16.1,16.6657,0.5657
2005-02-16 09:00:00,13.4,14.4965,1.0965
2005-02-16 10:00:00,9.0,9.1509,0.1509
2005-02-16 11:00:00,5.0,4.5243,0.4757
2005-02-16 12:00:00,4.3,3.0133,1.2867
2005-02-16 13:00:00,6.3,5.6338,0.6662
2005-02-16 14:00:00,6.0,5.0751,0.9249
2005-02-16 15:00:00,5.7,4.7391,0.9609
2005-02-16 16:00:00,5.6,4.5236,1.0764
2005-02-16 17:00:00,7.0,5.9898,1.0102
2005-02-16 18:00:00,9.5,9.1625,0.3375
2005-02-16 19:00:00,15.9,15.8578,0.0422
2005-02-16 20:00:00,24.7,23.9183,0.7817
2005-02-16 21:00:00,16.8,18.0514,1.2514
2005-02-16 22:00:00,10.7,10.8516,0.1516
2005-02-16 23:00:00,8.3,8.5605,0.2605
2005-02-17 00:00:00,11.0,11.3315,0.3315
2005-02-17 01:00:00,7.4,7.8899,0.4899
2005-02-17 02:00:00,7.9,8.4362,0.5362
2005-02-17 04:00:00,1.7,-0.4466,2.1466
2005-02-17 05:00:00,1.0,-1.6256,2.6256
2005-02-17 06:00:00,1.1,-1.4422,2.5422
2005-02-17 07:00:00,4.0,3.2968,0.7032
2005-02-17 08:00:00,9.7,10.3416,0.6416
2005-02-17 09:00:00,10.6,11.2103,0.6103
2005-02-17 10:00:00,5.4,4.9975,0.4025
2005-02-17 11:00:00,3.9,2.5261,1.3739
2005-02-17 12:00:00,4.4,2.9887,1.4113
2005-02-17 13:00:00,5.0,3.6649,1.3351
2005-02-17 14:00:00,6.8,5.9894,0.8106
2005-02-17 15:00:00,4.8,3.2527,1.5473
2005-02-17 16:00:00,5.0,3.5189,1.4811
2005-02-17 17:00:00,5.2,3.8402,1.3598
2005-02-17 18:00:00,10.0,9.4036,0.5964
2005-02-17 19:00:00,11.1,10.6753,0.4247
2005-02-17 20:00:00,12.9,13.0647,0.1647
2005-02-17 21:00:00,7.8,7.7713,0.0287
2005-02-17 22:00:00,6.3,5.8866,0.4134
2005-02-17 23:00:00,2.8,1.3234,1.4766
2005-02-18 00:00:00,3.3,2.2148,1.0852
2005-02-18 01:00:00,3.1,1.9513,1.1487
2005-02-18 02:00:00,2.1,0.6752,1.4248
2005-02-18 05:00:00,0.8,-1.8806,2.6806
2005-02-18 06:00:00,1.3,-1.1476,2.4476
2005-02-18 07:00:00,1.8,-0.4218,2.2218
2005-02-18 08:00:00,7.9,7.923,0.023
2005-02-18 09:00:00,9.8,10.1777,0.3777
2005-02-18 10:00:00,7.4,7.4919,0.0919
2005-02-18 11:00:00,5.3,4.3322,0.9678
2005-02-18 12:00:00,4.8,3.5778,1.2222
2005-02-18 13:00:00,5.6,4.5121,1.0879
2005-02-18 14:00:00,6.6,5.7152,0.8848
2005-02-18 15:00:00,6.7,6.2634,0.4366
2005-02-18 16:00:00,8.4,7.7709,0.6291
2005-02-18 17:00:00,10.3,10.4531,0.1531
2005-02-18 18:00:00,12.6,12.2378,0.3622
2005-02-18 19:00:00,16.0,15.4422,0.5578
2005-02-18 20:00:00,17.6,18.2676,0.6676
2005-02-18 21:00:00,10.1,10.4021,0.3021
2005-02-18 22:00:00,9.8,9.7444,0.0556
2005-02-18 23:00:00,11.5,11.3542,0.1458
2005-02-19 00:00:00,8.2,7.994,0.206
2005-02-19 01:00:00,6.8,6.2171,0.5829
2005-02-19 02:00:00,4.3,3.1323,1.1677
2005-02-19 04:00:00,2.6,0.7181,1.8819
2005-02-19 05:00:00,2.4,0.3074,2.0926
2005-02-19 06:00:00,2.3,-0.0093,2.3093
2005-02-19 07:00:00,4.5,2.9536,1.5464
2005-02-19 08:00:00,8.5,7.7836,0.7164
2005-02-19 09:00:00,9.0,8.544,0.456
2005-02-19 10:00:00,5.7,4.9465,0.7535
2005-02-19 11:00:00,6.9,5.9277,0.9723
2005-02-19 12:00:00,6.4,5.6379,0.7621
2005-02-19 13:00:00,3.5,1.7856,1.7144
2005-02-19 14:00:00,3.7,1.9308,1.7692
2005-02-19 15:00:00,2.9,0.8539,2.0461
2005-02-19 16:00:00,3.4,1.5804,1.8196
2005-02-19 17:00:00,5.3,3.9583,1.3417
2005-02-19 18:00:00,7.3,6.2604,1.0396
2005-02-19 19:00:00,10.0,9.646,0.354
2005-02-19 20:00:00,12.3,11.9382,0.3618
2005-02-19 21:00:00,11.8,11.8921,0.0921
2005-02-19 22:00:00,10.4,10.3446,0.0554
2005-02-19 23:00:00,7.7,7.0154,0.6846
2005-02-20 00:00:00,7.5,6.8858,0.6142
2005-02-20 01:00:00,6.1,5.3246,0.7754
2005-02-20 02:00:00,8.3,7.985,0.315
2005-02-20 04:00:00,4.9,4.0736,0.8264
2005-02-20 05:00:00,1.9,-0.0764,1.9764
2005-02-20 06:00:00,1.0,-1.7386,2.7386
2005-02-20 07:00:00,1.1,-1.8023,2.9023
2005-02-20 08:00:00,1.5,-1.151,2.651
2005-02-20 09:00:00,1.6,-1.0374,2.6374
2005-02-20 10:00:00,2.3,0.0264,2.2736
2005-02-20 11:00:00,2.5,0.3437,2.1563
2005-02-20 12:00:00,2.5,0.1608,2.3392
2005-02-20 13:00:00,2.8,0.0706,2.7294
2005-02-20 14:00:00,2.4,-0.5416,2.9416
2005-02-20 15:00:00,3.3,0.8729,2.4271
2005-02-20 16:00:00,3.2,0.8674,2.3326
2005-02-20 17:00:00,2.8,0.3666,2.4334
2005-02-20 18:00:00,3.4,1.102,2.298
2005-02-20 19:00:00,2.9,0.4479,2.4521
2005-02-20 20:00:00,4.6,3.005,1.595
2005-02-20 21:00:00,3.8,2.0552,1.7448
2005-02-20 22:00:00,3.1,1.3421,1.7579
2005-02-20 23:00:00,3.7,2.3716,1.3284
2005-02-21 00:00:00,3.3,2.0532,1.2468
2005-02-21 01:00:00,2.1,0.3423,1.7577
2005-02-21 02:00:00,1.2,-1.2305,2.4305
2005-02-21 05:00:00,1.0,-2.0952,3.0952
2005-02-21 06:00:00,2.1,-0.3675,2.4675
2005-02-21 07:00:00,5.5,4.2411,1.2589
2005-02-21 08:00:00,10.9,10.2149,0.6851
2005-02-21 09:00:00,13.3,12.491,0.809
2005-02-21 10:00:00,9.6,9.0357,0.5643
2005-02-21 11:00:00,7.0,5.8653,1.1347
2005-02-21 12:00:00,6.6,5.1682,1.4318
2005-02-21 13:00:00,9.3,8.2497,1.0503
2005-02-21 14:00:00,7.9,6.5888,1.3112
2005-02-21 15:00:00,6.9,5.2178,1.6822
2005-02-21 16:00:00,8.6,7.1051,1.4949
2005-02-21 17:00:00,10.0,8.6942,1.3058
2005-02-21 18:00:00,8.8,7.478,1.322
2005-02-21 19:00:00,20.2,18.9338,1.2662
2005-02-21 20:00:00,19.7,19.8741,0.1741
2005-02-21 21:00:00,7.1,6.4971,0.6029
2005-02-21 22:00:00,4.4,2.6507,1.7493
2005-02-21 23:00:00,2.9,0.8106,2.0894
2005-02-22 00:00:00,2.1,-0.2534,2.3534
2005-02-22 01:00:00,2.1,-0.3888,2.4888
2005-02-22 02:00:00,1.1,-2.0329,3.1329
2005-02-22 04:00:00,0.5,-3.1761,3.6761
2005-02-22 05:00:00,1.0,-2.2036,3.2036
2005-02-22 06:00:00,2.6,0.3262,2.2738
2005-02-22 07:00:00,6.7,5.4046,1.2954
2005-02-22 08:00:00,16.7,16.1108,0.5892
2005-02-22 09:00:00,24.0,23.4282,0.5718
2005-02-22 10:00:00,15.0,14.696,0.304
2005-02-22 11:00:00,6.9,5.8472,1.0528
2005-02-22 12:00:00,9.1,8.1247,0.9753
2005-02-22 13:00:00,10.0,8.6764,1.3236
2005-02-22 14:00:00,12.9,11.8646,1.0354
2005-02-22 15:00:00,9.0,7.7419,1.2581
2005-02-22 16:00:00,10.9,9.7111,1.1889
2005-02-22 17:00:00,7.9,6.7109,1.1891
2005-02-22 18:00:00,10.2,9.0148,1.1852
2005-02-22 19:00:00,13.2,12.6355,0.5645
2005-02-22 20:00:00,8.1,7.5929,0.5071
2005-02-22 21:00:00,8.5,7.7007,0.7993
2005-02-22 22:00:00,3.6,1.7426,1.8574
2005-02-22 23:00:00,2.6,0.3493,2.2507
2005-02-23 00:00:00,4.3,2.771,1.529
2005-02-23 01:00:00,3.2,1.2666,1.9334
2005-02-23 02:00:00,1.8,-0.6049,2.4049
2005-02-23 04:00:00,1.2,-1.9402,3.1402
2005-02-23 05:00:00,0.7,-2.6477,3.3477
2005-02-23 06:00:00,1.0,-1.8693,2.8693
2005-02-23 07:00:00,2.2,-0.0459,2.2459
2005-02-23 08:00:00,7.7,6.841,0.859
2005-02-23 09:00:00,6.2,5.378,0.822
2005-02-23 10:00:00,3.8,1.8769,1.9231
2005-02-23 11:00:00,3.6,1.2812,2.3188
2005-02-23 12:00:00,3.7,1.4667,2.2333
2005-02-23 13:00:00,8.3,6.7813,1.5187
2005-02-23 14:00:00,10.1,8.8971,1.2029
2005-02-23 15:00:00,9.9,8.4754,1.4246
2005-02-23 16:00:00,9.2,7.815,1.385
2005-02-23 17:00:00,10.3,8.9274,1.3726
2005-02-23 18:00:00,11.4,10.0842,1.3158
2005-02-23 19:00:00,11.7,10.5562,1.1438
2005-02-23 20:00:00,12.6,11.6461,0.9539
2005-02-23 21:00:00,11.4,10.4857,0.9143
2005-02-23 22:00:00,9.6,8.7749,0.8251
2005-02-23 23:00:00,4.6,2.9131,1.6869
2005-02-24 00:00:00,4.7,3.1595,1.5405
2005-02-24 01:00:00,2.6,0.4429,2.1571
2005-02-24 02:00:00,2.9,0.874,2.026
2005-02-24 05:00:00,1.2,-2.056,3.256
2005-02-24 06:00:00,3.0,0.7335,2.2665
2005-02-24 07:00:00,5.5,4.0843,1.4157
2005-02-24 08:00:00,12.9,12.6033,0.2967
2005-02-24 09:00:00,14.5,14.3157,0.1843
2005-02-24 10:00:00,9.0,8.6016,0.3984
2005-02-24 11:00:00,6.5,4.9049,1.5951
2005-02-24 12:00:00,5.4,3.3289,2.0711
2005-02-24 13:00:00,7.4,5.7089,1.6911
2005-02-24 14:00:00,7.7,6.334,1.366
2005-02-24 15:00:00,10.7,9.3295,1.3705
2005-02-24 16:00:00,13.3,11.8151,1.4849
2005-02-24 17:00:00,13.2,11.8935,1.3065
2005-02-24 18:00:00,17.5,16.035,1.465
2005-02-24 19:00:00,17.7,16.4588,1.2412
2005-02-24 20:00:00,17.5,16.2231,1.2769
2005-02-24 21:00:00,14.1,13.3949,0.7051
2005-02-24 22:00:00,8.4,7.3863,1.0137
2005-02-24 23:00:00,7.9,6.8374,1.0626
2005-02-25 00:00:00,8.1,7.3883,0.7117
2005-02-25 01:00:00,7.1,6.1177,0.9823
2005-02-25 02:00:00,5.2,3.7308,1.4692
2005-02-25 04:00:00,3.4,1.4141,1.9859
2005-02-25 05:00:00,2.1,-0.476,2.576
2005-02-25 06:00:00,4.1,2.3708,1.7292
2005-02-25 07:00:00,6.1,4.8854,1.2146
2005-02-25 10:00:00,17.8,17.9776,0.1776
2005-02-25 11:00:00,11.8,13.2078,1.4078
2005-02-25 12:00:00,6.6,6.1328,0.4672
2005-02-25 13:00:00,8.4,7.9616,0.4384
2005-02-25 14:00:00,7.6,7.5421,0.0579
2005-02-25 15:00:00,6.7,6.1124,0.5876
2005-02-25 16:00:00,7.9,7.5119,0.3881
2005-02-25 17:00:00,8.4,8.2907,0.1093
2005-02-25 18:00:00,12.1,11.9903,0.1097
2005-02-25 19:00:00,12.6,12.8966,0.2966
2005-02-25 20:00:00,13.6,14.4096,0.8096
2005-02-25 21:00:00,8.1,8.1194,0.0194
2005-02-25 22:00:00,11.2,11.2752,0.0752
2005-02-25 23:00:00,10.1,10.5409,0.4409
2005-02-26 00:00:00,8.8,9.4408,0.6408
2005-02-26 01:00:00,6.8,6.946,0.146
2005-02-26 02:00:00,6.4,6.321,0.079
2005-02-26 04:00:00,5.2,4.4218,0.7782
2005-02-26 05:00:00,3.6,2.3063,1.2937
2005-02-26 06:00:00,2.7,1.0441,1.6559
2005-02-26 07:00:00,1.9,0.1693,1.7307
2005-02-26 08:00:00,3.9,3.0318,0.8682
2005-02-26 09:00:00,4.1,3.5253,0.5747
2005-02-26 10:00:00,3.7,2.942,0.758
2005-02-26 11:00:00,3.6,2.5074,1.0926
2005-02-26 12:00:00,4.1,3.765,0.335
2005-02-26 13:00:00,4.5,4.5104,0.0104
2005-02-26 14:00:00,4.5,4.341,0.159
2005-02-26 15:00:00,2.9,2.0377,0.8623
2005-02-26 16:00:00,3.1,2.346,0.754
2005-02-26 17:00:00,3.9,3.1836,0.7164
2005-02-26 18:00:00,4.2,3.6165,0.5835
2005-02-26 19:00:00,5.2,5.0509,0.1491
2005-02-26 20:00:00,10.2,10.8089,0.6089
2005-02-26 21:00:00,8.1,8.6486,0.5486
2005-02-26 22:00:00,8.5,9.4081,0.9081
2005-02-26 23:00:00,10.7,12.017,1.317
2005-02-27 00:00:00,11.5,13.3725,1.8725
2005-02-27 01:00:00,9.5,11.0865,1.5865
2005-02-27 02:00:00,5.3,5.9305,0.6305
2005-02-27 05:00:00,2.7,1.0248,1.6752
2005-02-27 06:00:00,3.1,1.3463,1.7537
2005-02-27 07:00:00,3.2,1.3277,1.8723
2005-02-27 08:00:00,3.6,2.0734,1.5266
2005-02-27 09:00:00,3.7,2.0421,1.6579
2005-02-27 10:00:00,6.4,5.6742,0.7258
2005-02-27 11:00:00,5.2,4.5126,0.6874
2005-02-27 12:00:00,3.9,2.7052,1.1948
2005-02-27 13:00:00,4.1,3.1342,0.9658
2005-02-27 14:00:00,2.5,0.4865,2.0135
2005-02-27 15:00:00,2.2,-0.0001,2.2001
2005-02-27 16:00:00,2.3,0.188,2.112
2005-02-27 17:00:00,2.4,0.2525,2.1475
2005-02-27 18:00:00,2.9,1.1381,1.7619
2005-02-27 19:00:00,4.9,3.9178,0.9822
2005-02-27 20:00:00,6.8,6.8655,0.0655
2005-02-27 21:00:00,3.1,1.7889,1.3111
2005-02-27 22:00:00,2.1,0.2699,1.8301
2005-02-27 23:00:00,3.9,3.0411,0.8589
2005-02-28 00:00:00,3.8,3.1024,0.6976
2005-02-28 01:00:00,1.8,0.208,1.592
2005-02-28 02:00:00,1.0,-0.9583,1.9583
2005-02-28 04:00:00,0.4,-1.8151,2.2151
2005-02-28 05:00:00,0.3,-2.1094,2.4094
2005-02-28 06:00:00,0.2,-2.3799,2.5799
2005-02-28 07:00:00,0.7,-1.9177,2.6177
2005-02-28 08:00:00,2.6,1.6326,0.9674
2005-02-28 09:00:00,3.1,2.1294,0.9706
2005-02-28 10:00:00,2.3,0.9185,1.3815
2005-02-28 11:00:00,2.0,0.2856,1.7144
2005-02-28 12:00:00,2.0,0.1835,1.8165
2005-02-28 13:00:00,3.1,1.9693,1.1307
2005-02-28 14:00:00,2.9,1.6122,1.2878
2005-02-28 15:00:00,2.1,0.38,1.72
2005-02-28 16:00:00,2.5,0.8956,1.6044
2005-02-28 17:00:00,2.8,1.5058,1.2942
2005-02-28 18:00:00,6.7,6.9241,0.2241
2005-02-28 19:00:00,8.1,8.8544,0.7544
2005-02-28 20:00:00,7.4,8.2807,0.8807
2005-02-28 21:00:00,3.6,3.4814,0.1186
2005-02-28 22:00:00,1.9,0.8093,1.0907
2005-02-28 23:00:00,1.4,0.0951,1.3049
2005-03-01 00:00:00,1.2,-0.3608,1.5608
2005-03-01 01:00:00,0.9,-0.9286,1.8286
2005-03-01 02:00:00,0.6,-1.3025,1.9025
2005-03-01 04:00:00,0.2,-1.8752,2.0752
2005-03-01 05:00:00,0.3,-1.7064,2.0064
2005-03-01 06:00:00,0.3,-1.9761,2.2761
2005-03-01 07:00:00,1.0,-0.6474,1.6474
2005-03-01 08:00:00,5.2,5.8528,0.6528
2005-03-01 09:00:00,6.1,7.0516,0.9516
2005-03-01 10:00:00,3.6,3.6162,0.0162
2005-03-01 11:00:00,2.3,1.3869,0.9131
2005-03-01 12:00:00,1.9,0.5767,1.3233
2005-03-01 13:00:00,2.6,1.3443,1.2557
2005-03-01 14:00:00,3.1,2.1603,0.9397
2005-03-01 15:00:00,2.7,1.3874,1.3126
2005-03-01 16:00:00,3.0,1.9534,1.0466
2005-03-01 17:00:00,3.0,1.9291,1.0709
2005-03-01 18:00:00,5.0,4.8168,0.1832
2005-03-01 19:00:00,7.5,8.0356,0.5356
2005-03-01 20:00:00,9.5,10.5087,1.0087
2005-03-01 21:00:00,5.3,5.8031,0.5031
2005-03-01 22:00:00,2.4,1.455,0.945
2005-03-01 23:00:00,2.5,1.9401,0.5599
2005-03-02 00:00:00,2.2,1.4785,0.7215
2005-03-02 01:00:00,1.5,0.3931,1.1069
2005-03-02 02:00:00,1.3,0.1016,1.1984
2005-03-02 05:00:00,0.9,-1.573,2.473
2005-03-02 06:00:00,1.4,-0.7914,2.1914
2005-03-02 07:00:00,3.5,2.5862,0.9138
2005-03-02 08:00:00,11.0,11.8092,0.8092
2005-03-02 09:00:00,12.4,13.5418,1.1418
2005-03-02 10:00:00,8.3,8.8769,0.5769
2005-03-02 11:00:00,8.9,9.5571,0.6571
2005-03-02 12:00:00,5.7,5.604,0.096
2005-03-02 13:00:00,5.5,5.1942,0.3058
2005-03-02 14:00:00,9.0,9.0898,0.0898
2005-03-02 15:00:00,6.3,6.0551,0.2449
2005-03-02 16:00:00,9.1,9.2704,0.1704
2005-03-02 17:00:00,8.4,8.6737,0.2737
2005-03-02 18:00:00,17.5,17.619,0.119
2005-03-02 19:00:00,23.3,23.3646,0.0646
2005-03-02 20:00:00,19.0,20.4262,1.4262
2005-03-02 21:00:00,11.1,11.6435,0.5435
2005-03-02 22:00:00,6.2,5.4539,0.7461
2005-03-02 23:00:00,5.0,4.0325,0.9675
2005-03-03 00:00:00,5.3,4.4609,0.8391
2005-03-03 01:00:00,4.2,3.2284,0.9716
2005-03-03 02:00:00,3.5,2.1486,1.3514
2005-03-03 04:00:00,4.1,2.4214,1.6786
2005-03-03 05:00:00,4.0,2.042,1.958
2005-03-03 06:00:00,5.1,3.4735,1.6265
2005-03-03 07:00:00,6.7,5.4145,1.2855
2005-03-03 08:00:00,15.6,15.6653,0.0653
2005-03-03 09:00:00,17.1,18.2375,1.1375
2005-03-03 10:00:00,8.8,8.8425,0.0425
2005-03-03 11:00:00,6.9,6.1755,0.7245
2005-03-03 12:00:00,5.4,3.8361,1.5639
2005-03-03 13:00:00,4.9,3.0894,1.8106
2005-03-03 14:00:00,5.3,3.7157,1.5843
2005-03-03 15:00:00,5.4,3.652,1.748
2005-03-03 16:00:00,5.5,3.922,1.578
2005-03-03 17:00:00,7.5,6.2825,1.2175
2005-03-03 18:00:00,16.7,16.4816,0.2184
2005-03-03 19:00:00,18.2,19.4978,1.2978
2005-03-03 20:00:00,15.5,15.9909,0.4909
2005-03-03 21:00:00,10.9,11.6504,0.7504
2005-03-03 22:00:00,8.7,8.0298,0.6702
2005-03-03 23:00:00,7.3,6.4507,0.8493
2005-03-04 00:00:00,7.5,6.8829,0.6171
2005-03-04 01:00:00,6.8,6.426,0.374
2005-03-04 02:00:00,4.7,3.5067,1.1933
2005-03-04 04:00:00,1.3,-1.5638,2.8638
2005-03-04 05:00:00,2.2,-0.2757,2.4757
2005-03-04 06:00:00,3.6,1.9115,1.6885
2005-03-04 07:00:00,7.5,7.3934,0.1066
2005-03-04 08:00:00,16.8,17.7093,0.9093
2005-03-04 09:00:00,28.0,27.6977,0.3023
2005-03-04 10:00:00,15.8,17.3523,1.5523
2005-03-04 11:00:00,15.5,15.5466,0.0466
2005-03-04 12:00:00,14.9,14.9594,0.0594
2005-03-04 13:00:00,16.4,16.0248,0.3752
2005-03-04 14:00:00,15.6,15.3032,0.2968
2005-03-04 15:00:00,16.1,15.8829,0.2171
2005-03-04 16:00:00,16.6,17.0959,0.4959
2005-03-04 17:00:00,15.9,16.2445,0.3445
2005-03-04 18:00:00,13.3,13.7712,0.4712
2005-03-04 19:00:00,14.9,14.687,0.213
2005-03-04 20:00:00,18.5,18.4473,0.0527
2005-03-04 21:00:00,7.9,7.5145,0.3855
2005-03-04 22:00:00,5.0,3.7547,1.2453
2005-03-04 23:00:00,6.5,5.707,0.793
2005-03-05 00:00:00,6.0,5.6455,0.3545
2005-03-05 01:00:00,6.8,6.5448,0.2552
2005-03-05 02:00:00,4.0,3.1164,0.8836
2005-03-05 05:00:00,3.5,2.0125,1.4875
2005-03-05 06:00:00,4.3,2.7449,1.5551
2005-03-05 07:00:00,2.0,-0.0074,2.0074
2005-03-05 08:00:00,6.1,5.6273,0.4727
2005-03-05 09:00:00,8.7,9.1884,0.4884
2005-03-05 10:00:00,3.1,1.8398,1.2602
2005-03-05 11:00:00,5.2,4.4674,0.7326
2005-03-05 12:00:00,5.3,4.5618,0.7382
2005-03-05 13:00:00,6.7,6.1693,0.5307
2005-03-05 14:00:00,8.3,8.1326,0.1674
2005-03-05 15:00:00,5.9,5.1386,0.7614
2005-03-05 16:00:00,7.3,6.5983,0.7017
2005-03-05 17:00:00,8.4,7.8958,0.5042
2005-03-05 18:00:00,7.7,6.7845,0.9155
2005-03-05 19:00:00,9.1,8.7058,0.3942
2005-03-05 20:00:00,10.9,10.4624,0.4376
2005-03-05 21:00:00,10.2,10.3584,0.1584
2005-03-05 22:00:00,7.8,7.0824,0.7176
2005-03-05 23:00:00,7.0,6.0292,0.9708
2005-03-06 00:00:00,9.2,8.9533,0.2467
2005-03-06 01:00:00,4.6,3.886,0.714
2005-03-06 02:00:00,2.1,0.4559,1.6441
2005-03-06 04:00:00,1.3,-0.7237,2.0237
2005-03-06 05:00:00,0.8,-1.9682,2.7682
2005-03-06 06:00:00,0.6,-2.0269,2.6269
2005-03-06 07:00:00,1.1,-1.5649,2.6649
2005-03-06 08:00:00,1.0,-1.8488,2.8488
2005-03-06 09:00:00,1.5,-0.883,2.383
2005-03-06 10:00:00,1.4,-1.1051,2.5051
2005-03-06 11:00:00,2.0,-0.007,2.007
2005-03-06 12:00:00,2.3,0.3739,1.9261
2005-03-06 13:00:00,2.6,0.6885,1.9115
2005-03-06 14:00:00,6.7,6.1631,0.5369
2005-03-06 15:00:00,13.3,12.9857,0.3143
2005-03-06 16:00:00,4.0,2.8113,1.1887
2005-03-06 17:00:00,5.3,4.2857,1.0143
2005-03-06 18:00:00,8.6,8.2075,0.3925
2005-03-06 19:00:00,6.2,5.8542,0.3458
2005-03-06 20:00:00,5.3,4.5259,0.7741
2005-03-06 21:00:00,4.1,2.6889,1.4111
2005-03-06 22:00:00,3.5,1.8945,1.6055
2005-03-06 23:00:00,4.1,2.901,1.199
2005-03-07 00:00:00,3.2,2.2128,0.9872
2005-03-07 01:00:00,3.2,2.2791,0.9209
2005-03-07 02:00:00,1.7,-0.097,1.797
2005-03-07 04:00:00,0.5,-1.9561,2.4561
2005-03-07 05:00:00,0.6,-2.1583,2.7583
2005-03-07 06:00:00,0.8,-1.8165,2.6165
2005-03-07 07:00:00,1.7,-0.2647,1.9647
2005-03-07 08:00:00,5.2,4.6711,0.5289
2005-03-07 09:00:00,6.6,6.5675,0.0325
2005-03-07 10:00:00,5.5,5.3417,0.1583
2005-03-07 11:00:00,4.4,3.9698,0.4302
2005-03-07 12:00:00,4.4,3.7803,0.6197
2005-03-07 13:00:00,4.3,3.4829,0.8171
2005-03-07 14:00:00,4.5,3.7444,0.7556
2005-03-07 15:00:00,4.5,3.7141,0.7859
2005-03-07 16:00:00,4.8,3.9763,0.8237
2005-03-07 17:00:00,6.3,5.985,0.315
2005-03-07 18:00:00,9.6,9.6953,0.0953
2005-03-07 19:00:00,15.0,15.4184,0.4184
2005-03-07 20:00:00,15.4,16.1122,0.7122
2005-03-07 21:00:00,8.9,9.2678,0.3678
2005-03-07 22:00:00,5.0,4.14,0.86
2005-03-07 23:00:00,6.5,6.089,0.411
2005-03-08 00:00:00,4.4,3.4887,0.9113
2005-03-08 01:00:00,5.3,4.6995,0.6005
2005-03-08 02:00:00,3.1,1.709,1.391
2005-03-08 05:00:00,1.9,-0.4119,2.3119
2005-03-08 06:00:00,2.8,0.9381,1.8619
2005-03-08 07:00:00,5.5,4.8987,0.6013
2005-03-08 08:00:00,18.3,18.7328,0.4328
2005-03-08 09:00:00,26.3,26.1705,0.1295
2005-03-08 10:00:00,16.3,17.55,1.25
2005-03-08 11:00:00,12.3,13.2513,0.9513
2005-03-08 12:00:00,7.4,7.5686,0.1686
2005-03-08 13:00:00,8.1,7.9153,0.1847
2005-03-08 14:00:00,10.8,10.6005,0.1995
2005-03-08 15:00:00,9.7,9.8674,0.1674
2005-03-08 16:00:00,9.9,10.1421,0.2421
2005-03-08 17:00:00,9.6,9.4087,0.1913
2005-03-08 18:00:00,16.5,16.1572,0.3428
2005-03-08 19:00:00,23.4,23.0703,0.3297
2005-03-08 20:00:00,24.2,24.2359,0.0359
2005-03-08 21:00:00,13.3,13.63,0.33
2005-03-08 22:00:00,8.4,8.5062,0.1062
2005-03-08 23:00:00,5.4,4.3326,1.0674
2005-03-09 00:00:00,5.2,4.1383,1.0617
2005-03-09 01:00:00,4.6,3.5088,1.0912
2005-03-09 02:00:00,3.2,1.5647,1.6353
2005-03-09 04:00:00,2.5,0.6426,1.8574
2005-03-09 05:00:00,2.8,0.9123,1.8877
2005-03-09 06:00:00,3.9,2.5975,1.3025
2005-03-09 07:00:00,7.2,7.0876,0.1124
2005-03-09 08:00:00,20.9,21.8446,0.9446
2005-03-09 09:00:00,27.0,27.1656,0.1656
2005-03-09 10:00:00,18.5,19.0665,0.5665
2005-03-09 11:00:00,14.0,14.5499,0.5499
2005-03-09 12:00:00,10.5,10.1833,0.3167
2005-03-09 13:00:00,11.2,10.9317,0.2683
2005-03-09 14:00:00,10.3,9.987,0.313
2005-03-09 15:00:00,8.6,8.1032,0.4968
2005-03-09 16:00:00,7.6,6.8944,0.7056
2005-03-09 17:00:00,10.2,9.4835,0.7165
2005-03-09 18:00:00,17.8,17.4911,0.3089
2005-03-09 19:00:00,25.3,24.1947,1.1053
2005-03-09 20:00:00,24.4,24.1905,0.2095
2005-03-09 21:00:00,20.0,20.9543,0.9543
2005-03-09 22:00:00,7.3,6.7751,0.5249
2005-03-09 23:00:00,6.6,5.6238,0.9762
2005-03-10 00:00:00,5.7,4.6195,1.0805
2005-03-10 01:00:00,4.5,3.0913,1.4087
2005-03-10 02:00:00,4.1,2.4543,1.6457
2005-03-10 04:00:00,3.3,1.4669,1.8331
2005-03-10 05:00:00,3.3,1.32,1.98
2005-03-10 06:00:00,3.5,1.8761,1.6239
2005-03-10 07:00:00,6.4,5.7218,0.6782
2005-03-10 08:00:00,20.1,21.1256,1.0256
2005-03-10 09:00:00,21.2,20.9995,0.2005
2005-03-10 10:00:00,13.7,14.6142,0.9142
2005-03-10 11:00:00,11.7,11.9377,0.2377
2005-03-10 12:00:00,10.6,10.4278,0.1722
2005-03-10 14:00:00,9.1,9.0302,0.0698
2005-03-10 15:00:00,9.2,9.149,0.051
2005-03-10 16:00:00,5.9,5.4947,0.4053
2005-03-10 17:00:00,8.6,8.3179,0.2821
2005-03-10 18:00:00,12.7,12.7316,0.0316
2005-03-10 19:00:00,19.8,20.1698,0.3698
2005-03-10 20:00:00,23.8,23.9004,0.1004
2005-03-10 21:00:00,14.6,15.8931,1.2931
2005-03-10 22:00:00,7.6,7.6238,0.0238
2005-03-10 23:00:00,4.9,4.0169,0.8831
2005-03-11 00:00:00,5.2,4.4486,0.7514
2005-03-11 01:00:00,4.8,3.8862,0.9138
2005-03-11 02:00:00,3.2,1.6621,1.5379
2005-03-11 03:00:00,2.4,0.483,1.917
2005-03-11 05:00:00,2.1,0.0872,2.0128
2005-03-11 06:00:00,2.7,0.9612,1.7388
2005-03-11 07:00:00,4.5,2.8201,1.6799
2005-03-11 08:00:00,13.8,13.4192,0.3808
2005-03-11 09:00:00,22.7,21.7737,0.9263
2005-03-11 10:00:00,19.3,19.1336,0.1664
2005-03-11 12:00:00,9.3,8.1267,1.1733
2005-03-11 13:00:00,12.1,10.7686,1.3314
2005-03-11 14:00:00,14.2,13.289,0.911
2005-03-11 15:00:00,12.3,11.1869,1.1131
2005-03-11 16:00:00,10.2,8.7022,1.4978
2005-03-11 17:00:00,10.4,9.1079,1.2921
2005-03-11 18:00:00,13.9,12.2391,1.6609
2005-03-11 19:00:00,23.1,20.8491,2.2509
2005-03-11 20:00:00,22.8,21.3849,1.4151
2005-03-11 21:00:00,13.4,13.5141,0.1141
2005-03-11 22:00:00,6.8,5.484,1.316
2005-03-11 23:00:00,6.0,4.1392,1.8608
2005-03-12 00:00:00,5.7,4.0607,1.6393
2005-03-12 01:00:00,3.9,1.6403,2.2597
2005-03-12 02:00:00,4.9,2.8198,2.0802
2005-03-12 03:00:00,4.5,2.2885,2.2115
2005-03-12 08:00:00,3.3,0.8209,2.4791
2005-03-12 09:00:00,5.8,3.868,1.932
2005-03-12 10:00:00,6.2,4.7341,1.4659
2005-03-12 11:00:00,6.7,5.2404,1.4596
2005-03-12 12:00:00,5.6,3.6092,1.9908
2005-03-12 13:00:00,5.8,3.8606,1.9394
2005-03-12 14:00:00,7.0,5.2463,1.7537
2005-03-12 15:00:00,3.8,1.2236,2.5764
2005-03-12 16:00:00,5.5,3.4399,2.0601
2005-03-12 17:00:00,7.6,5.874,1.726
2005-03-12 18:00:00,8.3,6.7159,1.5841
2005-03-12 19:00:00,7.5,6.0135,1.4865
2005-03-12 20:00:00,14.1,13.5176,0.5824
2005-03-12 21:00:00,12.4,13.0114,0.6114
2005-03-12 22:00:00,5.8,4.3587,1.4413
2005-03-12 23:00:00,3.9,1.4806,2.4194
2005-03-13 00:00:00,2.8,0.3421,2.4579
2005-03-13 01:00:00,3.1,0.7839,2.3161
2005-03-13 02:00:00,3.3,1.1278,2.1722
2005-03-13 09:00:00,3.0,0.4151,2.5849
2005-03-13 10:00:00,5.0,2.7951,2.2049
2005-03-13 11:00:00,7.7,6.1964,1.5036
2005-03-13 12:00:00,10.1,8.8824,1.2176
2005-03-13 13:00:00,8.5,7.0529,1.4471
2005-03-13 14:00:00,2.8,-0.2602,3.0602
2005-03-13 15:00:00,3.3,0.6135,2.6865
2005-03-13 16:00:00,5.0,2.801,2.199
2005-03-13 17:00:00,5.6,3.7232,1.8768
2005-03-13 18:00:00,7.1,5.4469,1.6531
2005-03-13 19:00:00,16.7,15.6997,1.0003
2005-03-13 20:00:00,12.5,12.2267,0.2733
2005-03-13 21:00:00,6.6,4.9155,1.6845
2005-03-13 22:00:00,8.3,6.6393,1.6607
2005-03-13 23:00:00,7.1,5.5765,1.5235
2005-03-14 00:00:00,3.8,1.6378,2.1622
2005-03-14 01:00:00,5.2,3.4499,1.7501
2005-03-14 02:00:00,5.3,3.3341,1.9659
2005-03-14 03:00:00,3.8,1.3902,2.4098
2005-03-14 05:00:00,2.9,0.7374,2.1626
2005-03-14 06:00:00,4.4,2.8716,1.5284
2005-03-14 07:00:00,7.5,7.1302,0.3698
2005-03-14 08:00:00,15.7,16.5605,0.8605
2005-03-14 09:00:00,22.9,22.3388,0.5612
2005-03-14 10:00:00,10.8,12.0305,1.2305
2005-03-14 11:00:00,6.1,5.5249,0.5751
2005-03-14 12:00:00,7.0,6.34,0.66
2005-03-14 13:00:00,7.1,6.2625,0.8375
2005-03-14 14:00:00,8.1,7.4407,0.6593
2005-03-14 15:00:00,7.7,6.8762,0.8238
2005-03-14 16:00:00,10.8,10.6775,0.1225
2005-03-14 17:00:00,14.4,14.6283,0.2283
2005-03-14 18:00:00,25.4,24.2561,1.1439
2005-03-14 19:00:00,29.1,27.8455,1.2545
2005-03-14 20:00:00,28.3,27.2083,1.0917
2005-03-14 21:00:00,14.2,15.0049,0.8049
2005-03-14 22:00:00,8.4,7.8232,0.5768
2005-03-14 23:00:00,7.5,6.5772,0.9228
2005-03-15 00:00:00,5.2,4.0356,1.1644
2005-03-15 01:00:00,2.2,0.1054,2.0946
2005-03-15 02:00:00,2.0,-0.3784,2.3784
2005-03-15 03:00:00,1.8,-0.8582,2.6582
2005-03-15 04:00:00,1.1,-1.9671,3.0671
2005-03-15 05:00:00,1.2,-1.8954,3.0954
2005-03-15 06:00:00,2.4,-0.0836,2.4836
2005-03-15 07:00:00,3.8,2.0997,1.7003
2005-03-15 08:00:00,14.0,14.2492,0.2492
2005-03-15 09:00:00,18.9,18.574,0.326
2005-03-15 10:00:00,15.6,16.7413,1.1413
2005-03-15 11:00:00,13.2,13.7423,0.5423
2005-03-15 12:00:00,10.3,10.1193,0.1807
2005-03-15 13:00:00,9.7,9.4597,0.2403
2005-03-15 14:00:00,10.0,9.7217,0.2783
2005-03-15 15:00:00,10.9,10.3757,0.5243
2005-03-15 16:00:00,12.3,12.0347,0.2653
2005-03-15 17:00:00,14.2,14.0069,0.1931
2005-03-15 18:00:00,21.6,20.4993,1.1007
2005-03-15 19:00:00,30.9,28.791,2.109
2005-03-15 20:00:00,33.5,31.4513,2.0487
2005-03-15 21:00:00,19.9,21.1664,1.2664
2005-03-15 22:00:00,8.4,8.1657,0.2343
2005-03-15 23:00:00,6.1,5.0268,1.0732
2005-03-16 00:00:00,5.7,4.5652,1.1348
2005-03-16 01:00:00,4.0,2.307,1.693
2005-03-16 02:00:00,2.9,0.8267,2.0733
2005-03-16 03:00:00,2.0,-0.5702,2.5702
2005-03-16 04:00:00,1.7,-1.2309,2.9309
2005-03-16 05:00:00,1.6,-1.4791,3.0791
2005-03-16 06:00:00,3.3,1.4632,1.8368
2005-03-16 07:00:00,3.6,1.899,1.701
2005-03-16 08:00:00,10.2,10.3701,0.1701
2005-03-16 09:00:00,25.2,23.8248,1.3752
2005-03-16 10:00:00,16.0,17.4303,1.4303
2005-03-16 11:00:00,13.3,13.7021,0.4021
2005-03-16 12:00:00,11.9,11.9087,0.0087
2005-03-16 13:00:00,10.9,10.4446,0.4554
2005-03-16 14:00:00,11.0,10.7049,0.2951
2005-03-16 15:00:00,17.3,16.0491,1.2509
2005-03-16 16:00:00,12.4,12.4195,0.0195
2005-03-16 17:00:00,17.4,16.9871,0.4129
2005-03-16 18:00:00,17.5,17.2181,0.2819
2005-03-16 19:00:00,26.2,24.358,1.842
2005-03-16 20:00:00,23.1,21.8228,1.2772
2005-03-16 21:00:00,23.5,22.3947,1.1053
2005-03-16 22:00:00,13.3,12.9862,0.3138
2005-03-16 23:00:00,10.5,9.8359,0.6641
2005-03-17 00:00:00,6.3,5.3119,0.9881
2005-03-17 01:00:00,4.4,2.9765,1.4235
2005-03-17 02:00:00,3.3,1.4274,1.8726
2005-03-17 03:00:00,2.0,-0.4571,2.4571
2005-03-17 05:00:00,1.4,-1.697,3.097
2005-03-17 06:00:00,2.3,-0.2196,2.5196
2005-03-17 07:00:00,5.9,4.9784,0.9216
2005-03-17 08:00:00,18.9,19.397,0.497
2005-03-17 09:00:00,26.1,25.7877,0.3123
2005-03-17 10:00:00,16.2,17.3344,1.1344
2005-03-17 11:00:00,10.8,11.4566,0.6566
2005-03-17 12:00:00,11.1,10.3943,0.7057
2005-03-17 13:00:00,10.2,9.3003,0.8997
2005-03-17 14:00:00,11.9,11.0468,0.8532
2005-03-17 15:00:00,11.8,10.9953,0.8047
2005-03-17 16:00:00,10.9,10.2908,0.6092
2005-03-17 17:00:00,8.6,8.0032,0.5968
2005-03-17 18:00:00,15.0,14.232,0.768
2005-03-17 19:00:00,21.3,20.0646,1.2354
2005-03-17 20:00:00,24.8,24.1417,0.6583
2005-03-17 21:00:00,18.4,19.1239,0.7239
2005-03-17 22:00:00,9.1,8.6374,0.4626
2005-03-17 23:00:00,8.1,7.2888,0.8112
2005-03-18 00:00:00,5.9,4.7122,1.1878
2005-03-18 01:00:00,5.1,3.8449,1.2551
2005-03-18 02:00:00,4.5,2.9571,1.5429
2005-03-18 03:00:00,3.2,1.2505,1.9495
2005-03-18 04:00:00,2.8,0.6431,2.1569
2005-03-18 05:00:00,2.0,-0.6365,2.6365
2005-03-18 06:00:00,3.3,1.2984,2.0016
2005-03-18 07:00:00,5.4,4.4371,0.9629
2005-03-18 08:00:00,14.5,15.0535,0.5535
2005-03-18 09:00:00,26.5,25.7501,0.7499
2005-03-18 10:00:00,17.6,18.2428,0.6428
2005-03-18 11:00:00,14.9,14.6544,0.2456
2005-03-18 12:00:00,10.3,10.0268,0.2732
2005-03-18 13:00:00,12.0,11.2078,0.7922
2005-03-18 14:00:00,10.4,9.9033,0.4967
2005-03-18 15:00:00,12.9,11.942,0.958
2005-03-18 16:00:00,15.1,14.5955,0.5045
2005-03-18 17:00:00,15.8,15.5335,0.2665
2005-03-18 18:00:00,20.1,19.1795,0.9205
2005-03-18 19:00:00,25.6,24.546,1.054
2005-03-18 20:00:00,24.0,23.0352,0.9648
2005-03-18 21:00:00,18.3,18.7161,0.4161
2005-03-18 22:00:00,7.2,6.4102,0.7898
2005-03-18 23:00:00,6.8,5.8283,0.9717
2005-03-19 00:00:00,6.8,6.1652,0.6348
2005-03-19 01:00:00,6.4,5.5854,0.8146
2005-03-19 02:00:00,2.7,0.4283,2.2717
2005-03-19 03:00:00,2.9,0.9298,1.9702
2005-03-19 04:00:00,2.2,-0.0516,2.2516
2005-03-19 05:00:00,2.5,0.3393,2.1607
2005-03-19 06:00:00,1.9,-0.6754,2.5754
2005-03-19 07:00:00,3.6,1.8716,1.7284
2005-03-19 08:00:00,10.1,9.7377,0.3623
2005-03-19 09:00:00,10.9,10.9897,0.0897
2005-03-19 10:00:00,9.9,9.7286,0.1714
2005-03-19 11:00:00,9.7,9.2929,0.4071
2005-03-19 12:00:00,8.9,8.1608,0.7392
2005-03-19 13:00:00,8.5,7.6412,0.8588
2005-03-19 14:00:00,6.6,5.5124,1.0876
2005-03-19 15:00:00,5.4,3.9827,1.4173
2005-03-19 16:00:00,8.7,7.9207,0.7793
2005-03-19 17:00:00,5.8,4.6417,1.1583
2005-03-19 18:00:00,7.6,6.6247,0.9753
2005-03-19 19:00:00,12.4,11.7392,0.6608
2005-03-19 20:00:00,14.7,14.2208,0.4792
2005-03-19 21:00:00,10.5,10.8049,0.3049
2005-03-19 22:00:00,7.3,6.6602,0.6398
2005-03-19 23:00:00,8.5,7.5479,0.9521
2005-03-20 00:00:00,6.8,6.0027,0.7973
2005-03-20 01:00:00,5.9,5.1766,0.7234
2005-03-20 02:00:00,4.3,2.96,1.34
2005-03-20 03:00:00,3.5,1.9651,1.5349
2005-03-20 05:00:00,2.4,0.0699,2.3301
2005-03-20 06:00:00,1.6,-1.1612,2.7612
2005-03-20 07:00:00,2.7,0.4262,2.2738
2005-03-20 08:00:00,2.5,0.1709,2.3291
2005-03-20 09:00:00,3.9,2.2341,1.6659
2005-03-20 10:00:00,6.2,5.1126,1.0874
2005-03-20 11:00:00,8.8,8.4865,0.3135
2005-03-20 12:00:00,4.3,3.0166,1.2834
2005-03-20 13:00:00,3.4,1.547,1.853
2005-03-20 14:00:00,2.2,-0.3621,2.5621
2005-03-20 15:00:00,3.6,1.6767,1.9233
2005-03-20 16:00:00,4.1,2.3892,1.7108
2005-03-20 17:00:00,5.7,4.4601,1.2399
2005-03-20 18:00:00,6.6,5.5471,1.0529
2005-03-20 19:00:00,12.7,12.4826,0.2174
2005-03-20 20:00:00,14.8,15.5487,0.7487
2005-03-20 21:00:00,12.3,13.5396,1.2396
2005-03-20 22:00:00,6.3,5.8133,0.4867
2005-03-20 23:00:00,5.3,4.3028,0.9972
2005-03-21 00:00:00,5.3,4.4454,0.8546
2005-03-21 01:00:00,4.7,3.806,0.894
2005-03-21 02:00:00,3.3,1.7551,1.5449
2005-03-21 03:00:00,2.7,0.6797,2.0203
2005-03-21 04:00:00,2.0,-0.466,2.466
2005-03-21 05:00:00,1.6,-1.2683,2.8683
2005-03-21 06:00:00,3.0,1.0981,1.9019
2005-03-21 07:00:00,6.1,5.3437,0.7563
2005-03-21 08:00:00,17.3,17.2654,0.0346
2005-03-21 09:00:00,31.0,29.2178,1.7822
2005-03-21 10:00:00,15.4,16.879,1.479
2005-03-21 11:00:00,10.9,11.0556,0.1556
2005-03-21 12:00:00,8.4,8.0891,0.3109
2005-03-21 13:00:00,7.1,6.5731,0.5269
2005-03-21 14:00:00,10.0,9.4821,0.5179
2005-03-21 15:00:00,8.2,7.748,0.452
2005-03-21 16:00:00,9.2,8.6202,0.5798
2005-03-21 17:00:00,12.4,12.0058,0.3942
2005-03-21 18:00:00,23.3,21.8708,1.4292
2005-03-21 19:00:00,29.7,27.7137,1.9863
2005-03-21 20:00:00,25.7,24.9074,0.7926
2005-03-21 21:00:00,14.3,14.7177,0.4177
2005-03-21 22:00:00,8.2,7.6285,0.5715
2005-03-21 23:00:00,4.9,3.4683,1.4317
2005-03-22 00:00:00,5.9,4.8918,1.0082
2005-03-22 01:00:00,5.7,4.6844,1.0156
2005-03-22 02:00:00,2.9,1.0966,1.8034
2005-03-22 03:00:00,1.8,-0.5162,2.3162
2005-03-22 04:00:00,1.2,-1.8026,3.0026
2005-03-22 05:00:00,1.6,-0.9959,2.5959
2005-03-22 06:00:00,2.5,0.4014,2.0986
2005-03-22 07:00:00,3.8,2.3918,1.4082
2005-03-22 08:00:00,13.5,13.6676,0.1676
2005-03-22 09:00:00,27.8,26.0604,1.7396
2005-03-22 10:00:00,18.8,19.5094,0.7094
2005-03-22 11:00:00,15.7,15.6458,0.0542
2005-03-22 12:00:00,15.6,15.0136,0.5864
2005-03-22 13:00:00,12.3,11.8195,0.4805
2005-03-22 14:00:00,12.4,12.0299,0.3701
2005-03-22 15:00:00,9.1,8.6005,0.4995
2005-03-22 16:00:00,8.6,7.9448,0.6552
2005-03-22 17:00:00,8.4,7.8023,0.5977
2005-03-22 18:00:00,20.9,19.6448,1.2552
2005-03-22 19:00:00,21.9,21.4588,0.4412
2005-03-22 20:00:00,20.4,21.3902,0.9902
2005-03-22 21:00:00,11.0,12.5113,1.5113
2005-03-22 22:00:00,6.8,7.3042,0.5042
2005-03-22 23:00:00,6.3,6.5032,0.2032
2005-03-23 00:00:00,6.2,6.2357,0.0357
2005-03-23 01:00:00,3.5,2.9295,0.5705
2005-03-23 02:00:00,3.3,2.5294,0.7706
2005-03-23 03:00:00,2.5,1.421,1.079
2005-03-23 05:00:00,1.8,-0.9584,2.7584
2005-03-23 06:00:00,3.6,1.913,1.687
2005-03-23 07:00:00,6.1,5.3681,0.7319
2005-03-23 08:00:00,22.3,21.9878,0.3122
2005-03-23 09:00:00,27.0,25.7781,1.2219
2005-03-23 10:00:00,19.5,20.1941,0.6941
2005-03-23 11:00:00,15.8,16.0152,0.2152
2005-03-23 12:00:00,10.3,10.101,0.199
2005-03-23 13:00:00,11.0,10.3828,0.6172
2005-03-23 14:00:00,11.9,11.5458,0.3542
2005-03-23 15:00:00,11.7,11.392,0.308
2005-03-23 16:00:00,12.0,11.4535,0.5465
2005-03-23 17:00:00,12.3,12.0585,0.2415
2005-03-23 18:00:00,23.2,21.6089,1.5911
2005-03-23 19:00:00,32.6,29.8293,2.7707
2005-03-23 20:00:00,32.0,30.5656,1.4344
2005-03-23 21:00:00,18.8,18.6347,0.1653
2005-03-23 22:00:00,12.1,11.758,0.342
2005-03-23 23:00:00,13.0,12.4483,0.5517
2005-03-24 00:00:00,9.9,9.4551,0.4449
2005-03-24 01:00:00,8.1,7.621,0.479
2005-03-24 02:00:00,3.8,2.1731,1.6269
2005-03-24 03:00:00,3.1,1.059,2.041
2005-03-24 04:00:00,2.0,-0.647,2.647
2005-03-24 05:00:00,2.2,-0.4374,2.6374
2005-03-24 06:00:00,2.3,-0.1423,2.4423
2005-03-24 07:00:00,4.9,3.6796,1.2204
2005-03-24 08:00:00,19.8,19.7779,0.0221
2005-03-24 09:00:00,15.0,16.5593,1.5593
2005-03-24 10:00:00,18.1,18.507,0.407
2005-03-24 11:00:00,15.3,15.9589,0.6589
2005-03-24 12:00:00,17.8,17.6934,0.1066
2005-03-24 13:00:00,17.3,17.0227,0.2773
2005-03-24 14:00:00,14.1,13.931,0.169
2005-03-24 15:00:00,10.3,9.7584,0.5416
2005-03-24 16:00:00,11.0,10.4445,0.5555
2005-03-24 17:00:00,10.3,9.7433,0.5567
2005-03-24 18:00:00,14.6,13.9511,0.6489
2005-03-24 19:00:00,30.8,28.3056,2.4944
2005-03-24 20:00:00,35.5,32.762,2.738
2005-03-24 21:00:00,24.2,23.6414,0.5586
2005-03-24 22:00:00,17.8,18.0609,0.2609
2005-03-24 23:00:00,11.9,12.0707,0.1707
2005-03-25 00:00:00,9.3,8.8529,0.4471
2005-03-25 01:00:00,6.3,5.3393,0.9607
2005-03-25 02:00:00,4.0,2.1429,1.8571
2005-03-25 03:00:00,4.1,2.2121,1.8879
2005-03-25 04:00:00,4.1,2.2415,1.8585
2005-03-25 05:00:00,3.3,1.0966,2.2034
2005-03-25 06:00:00,2.5,0.1108,2.3892
2005-03-25 07:00:00,5.4,4.2412,1.1588
2005-03-25 08:00:00,17.4,17.5585,0.1585
2005-03-25 09:00:00,22.9,22.1813,0.7187
2005-03-25 10:00:00,11.1,11.4997,0.3997
2005-03-25 11:00:00,9.5,8.9243,0.5757
2005-03-25 12:00:00,13.6,12.4913,1.1087
2005-03-25 13:00:00,17.0,15.9321,1.0679
2005-03-25 14:00:00,15.8,14.7554,1.0446
2005-03-25 15:00:00,14.3,12.7757,1.5243
2005-03-25 16:00:00,17.5,16.9891,0.5109
2005-03-25 17:00:00,17.8,17.5656,0.2344
2005-03-25 18:00:00,24.3,23.0753,1.2247
2005-03-25 19:00:00,27.2,26.0218,1.1782
2005-03-25 20:00:00,23.7,23.6873,0.0127
2005-03-25 21:00:00,16.7,17.2062,0.5062
2005-03-25 22:00:00,14.0,14.2392,0.2392
2005-03-25 23:00:00,10.1,9.7894,0.3106
2005-03-26 00:00:00,12.1,12.0455,0.0545
2005-03-26 01:00:00,10.5,10.2856,0.2144
2005-03-26 02:00:00,7.2,6.5448,0.6552
2005-03-26 03:00:00,6.4,5.4997,0.9003
2005-03-26 05:00:00,5.3,3.8491,1.4509
2005-03-26 06:00:00,4.9,2.7487,2.1513
2005-03-26 07:00:00,5.7,4.5845,1.1155
2005-03-26 08:00:00,9.0,8.8359,0.1641
2005-03-26 09:00:00,10.9,10.8435,0.0565
2005-03-26 10:00:00,10.6,10.5979,0.0021
2005-03-26 11:00:00,9.3,9.0696,0.2304
2005-03-26 12:00:00,8.3,7.9627,0.3373
2005-03-26 13:00:00,6.6,5.9796,0.6204
2005-03-26 14:00:00,5.1,3.9556,1.1444
2005-03-26 15:00:00,7.9,6.8113,1.0887
2005-03-26 16:00:00,7.7,6.9564,0.7436
2005-03-26 17:00:00,10.7,10.3701,0.3299
2005-03-26 18:00:00,10.5,10.3419,0.1581
2005-03-26 19:00:00,10.9,10.6122,0.2878
2005-03-26 20:00:00,8.4,8.0617,0.3383
2005-03-26 21:00:00,10.0,9.8017,0.1983
2005-03-26 22:00:00,10.3,10.0932,0.2068
2005-03-26 23:00:00,7.2,6.4504,0.7496
2005-03-27 00:00:00,6.4,5.6127,0.7873
2005-03-27 01:00:00,4.3,3.1366,1.1634
2005-03-27 02:00:00,3.3,1.6196,1.6804
2005-03-27 03:00:00,3.9,2.5192,1.3808
2005-03-27 04:00:00,3.4,1.8528,1.5472
2005-03-27 05:00:00,2.3,0.0427,2.2573
2005-03-27 06:00:00,2.3,-0.0423,2.3423
2005-03-27 07:00:00,4.2,2.6747,1.5253
2005-03-27 08:00:00,3.6,1.8453,1.7547
2005-03-27 09:00:00,4.4,2.7124,1.6876
2005-03-27 10:00:00,4.6,3.1146,1.4854
2005-03-27 11:00:00,4.5,2.7138,1.7862
2005-03-27 12:00:00,5.0,3.5159,1.4841
2005-03-27 13:00:00,3.8,1.9369,1.8631
2005-03-27 14:00:00,2.5,-0.2813,2.7813
2005-03-27 15:00:00,2.7,0.0324,2.6676
2005-03-27 16:00:00,3.5,1.3599,2.1401
2005-03-27 17:00:00,4.9,3.3905,1.5095
2005-03-27 18:00:00,4.4,2.584,1.816
2005-03-27 19:00:00,5.7,4.2747,1.4253
2005-03-27 20:00:00,6.3,5.2963,1.0037
2005-03-27 21:00:00,6.0,4.7979,1.2021
2005-03-27 22:00:00,6.0,4.9013,1.0987
2005-03-27 23:00:00,5.6,4.8302,0.7698
2005-03-28 00:00:00,4.3,3.2496,1.0504
2005-03-28 01:00:00,3.0,1.2444,1.7556
2005-03-28 02:00:00,2.8,0.8664,1.9336
2005-03-28 03:00:00,2.7,0.8338,1.8662
2005-03-28 04:00:00,2.0,-0.2967,2.2967
2005-03-28 05:00:00,1.9,-0.4858,2.3858
2005-03-28 06:00:00,1.9,-0.6333,2.5333
2005-03-28 07:00:00,3.1,1.3577,1.7423
2005-03-28 08:00:00,3.4,1.7119,1.6881
2005-03-28 09:00:00,4.9,3.6802,1.2198
2005-03-28 10:00:00,5.2,4.2439,0.9561
2005-03-28 11:00:00,5.5,4.7887,0.7113
2005-03-28 12:00:00,4.2,3.0546,1.1454
2005-03-28 13:00:00,3.3,1.8367,1.4633
2005-03-28 14:00:00,4.8,3.5679,1.2321
2005-03-28 15:00:00,4.2,2.8638,1.3362
2005-03-28 16:00:00,3.7,2.2946,1.4054
2005-03-28 17:00:00,6.2,5.517,0.683
2005-03-28 18:00:00,9.7,9.9264,0.2264
2005-03-28 19:00:00,12.4,13.2829,0.8829
2005-03-28 20:00:00,9.4,9.783,0.383
2005-03-28 21:00:00,7.1,6.5089,0.5911
2005-03-28 22:00:00,6.1,5.2401,0.8599
2005-03-28 23:00:00,6.0,5.2837,0.7163
2005-03-29 00:00:00,5.0,4.0645,0.9355
2005-03-29 01:00:00,2.9,1.0689,1.8311
2005-03-29 02:00:00,2.2,-0.0825,2.2825
2005-03-29 03:00:00,1.0,-1.8057,2.8057
2005-03-29 05:00:00,1.9,-0.4636,2.3636
2005-03-29 06:00:00,4.7,3.6083,1.0917
2005-03-29 07:00:00,16.0,16.4909,0.4909
2005-03-29 08:00:00,26.3,25.576,0.724
2005-03-29 09:00:00,18.8,19.6912,0.8912
2005-03-29 10:00:00,14.4,14.8149,0.4149
2005-03-29 11:00:00,10.0,10.0565,0.0565
2005-03-29 12:00:00,12.1,11.6309,0.4691
2005-03-29 13:00:00,11.7,11.3997,0.3003
2005-03-29 14:00:00,12.0,11.3133,0.6867
2005-03-29 15:00:00,12.3,11.7958,0.5042
2005-03-29 16:00:00,12.3,11.7551,0.5449
2005-03-29 17:00:00,16.7,15.9369,0.7631
2005-03-29 18:00:00,15.3,15.4421,0.1421
2005-03-29 19:00:00,13.4,12.6464,0.7536
2005-03-29 20:00:00,13.5,13.4787,0.0213
2005-03-29 21:00:00,9.0,8.6919,0.3081
2005-03-29 22:00:00,4.8,3.394,1.406
2005-03-29 23:00:00,5.0,3.4745,1.5255
2005-03-30 00:00:00,4.9,3.5875,1.3125
2005-03-30 01:00:00,3.4,1.7492,1.6508
2005-03-30 02:00:00,2.4,0.0944,2.3056
2005-03-30 03:00:00,1.1,-1.7796,2.8796
2005-03-30 04:00:00,1.4,-1.3804,2.7804
2005-03-30 05:00:00,2.1,-0.5184,2.6184
2005-03-30 06:00:00,3.8,2.3252,1.4748
2005-03-30 07:00:00,12.6,12.8926,0.2926
2005-03-30 08:00:00,14.7,15.1193,0.4193
2005-03-30 09:00:00,15.5,15.8378,0.3378
2005-03-30 10:00:00,12.1,12.5707,0.4707
2005-03-30 11:00:00,7.9,7.6038,0.2962
2005-03-30 12:00:00,9.6,9.2067,0.3933
2005-03-30 13:00:00,8.3,7.7674,0.5326
2005-03-30 14:00:00,9.2,8.5491,0.6509
2005-03-30 15:00:00,8.4,7.8019,0.5981
2005-03-30 16:00:00,9.2,8.3438,0.8562
2005-03-30 17:00:00,16.1,15.4793,0.6207
2005-03-30 18:00:00,17.1,16.5433,0.5567
2005-03-30 19:00:00,19.9,19.2258,0.6742
2005-03-30 20:00:00,14.9,14.7186,0.1814
2005-03-30 21:00:00,8.8,8.0991,0.7009
2005-03-30 22:00:00,5.8,4.5332,1.2668
2005-03-30 23:00:00,6.6,5.6548,0.9452
2005-03-31 00:00:00,4.8,3.457,1.343
2005-03-31 01:00:00,4.1,2.6093,1.4907
2005-03-31 02:00:00,2.5,0.2429,2.2571
2005-03-31 03:00:00,1.7,-0.9713,2.6713
2005-03-31 04:00:00,1.6,-1.142,2.742
2005-03-31 05:00:00,2.6,0.48,2.12
2005-03-31 06:00:00,6.1,5.1025,0.9975
2005-03-31 07:00:00,23.6,23.1363,0.4637
2005-03-31 08:00:00,10.9,13.1202,2.2202
2005-03-31 09:00:00,6.8,6.7739,0.0261
2005-03-31 10:00:00,4.9,4.0107,0.8893
2005-03-31 11:00:00,4.2,3.0053,1.1947
2005-03-31 12:00:00,4.3,3.0816,1.2184
2005-03-31 13:00:00,4.0,2.6311,1.3689
2005-03-31 14:00:00,3.1,1.2199,1.8801
2005-03-31 15:00:00,3.7,1.9516,1.7484
2005-03-31 16:00:00,3.8,2.2199,1.5801
2005-03-31 17:00:00,6.5,5.6277,0.8723
2005-03-31 18:00:00,7.2,6.8219,0.3781
2005-03-31 19:00:00,8.3,7.889,0.411
2005-03-31 20:00:00,4.4,3.1421,1.2579
2005-03-31 21:00:00,2.3,0.182,2.118
2005-03-31 22:00:00,1.8,-0.5902,2.3902
2005-03-31 23:00:00,2.1,-0.0034,2.1034
2005-04-01 00:00:00,1.5,-0.9109,2.4109
2005-04-01 01:00:00,1.0,-1.5418,2.5418
2005-04-01 02:00:00,1.1,-1.4048,2.5048
2005-04-01 03:00:00,0.9,-1.674,2.574
2005-04-01 05:00:00,1.4,-0.8528,2.2528
2005-04-01 06:00:00,2.0,0.0296,1.9704
2005-04-01 07:00:00,6.7,6.5078,0.1922
2005-04-01 08:00:00,6.3,6.3302,0.0302
2005-04-01 09:00:00,4.3,3.3429,0.9571
2005-04-01 10:00:00,3.5,1.9038,1.5962
2005-04-01 11:00:00,3.6,1.9841,1.6159
2005-04-01 12:00:00,4.0,2.5968,1.4032
2005-04-01 13:00:00,4.5,3.25,1.25
2005-04-01 14:00:00,3.3,1.4421,1.8579
2005-04-01 15:00:00,3.6,1.8636,1.7364
2005-04-01 16:00:00,4.3,3.0226,1.2774
2005-04-01 17:00:00,5.1,4.0572,1.0428
2005-04-01 18:00:00,5.5,4.5665,0.9335
2005-04-01 19:00:00,7.4,7.0975,0.3025
2005-04-01 20:00:00,3.7,2.405,1.295
2005-04-01 21:00:00,1.9,-0.2771,2.1771
2005-04-01 22:00:00,2.1,0.2022,1.8978
2005-04-01 23:00:00,3.4,2.1673,1.2327
2005-04-02 00:00:00,5.8,5.1663,0.6337
2005-04-02 01:00:00,1.9,0.1369,1.7631
2005-04-02 02:00:00,1.5,-0.6375,2.1375
2005-04-02 03:00:00,1.4,-0.7362,2.1362
2005-04-02 04:00:00,0.9,-1.6783,2.5783
2005-04-02 05:00:00,1.4,-0.6967,2.0967
2005-04-02 06:00:00,2.0,-0.0844,2.0844
2005-04-02 07:00:00,3.1,1.4764,1.6236
2005-04-02 08:00:00,2.5,0.6031,1.8969
2005-04-02 09:00:00,2.7,0.8948,1.8052
2005-04-02 10:00:00,2.7,1.0376,1.6624
2005-04-02 11:00:00,2.7,0.9188,1.7812
2005-04-02 12:00:00,2.4,0.3772,2.0228
2005-04-02 13:00:00,2.4,0.3167,2.0833
2005-04-02 14:00:00,2.3,-0.0355,2.3355
2005-04-02 15:00:00,2.5,0.3634,2.1366
2005-04-02 16:00:00,2.9,0.7402,2.1598
2005-04-02 17:00:00,3.5,1.6834,1.8166
2005-04-02 18:00:00,4.0,2.2399,1.7601
2005-04-02 19:00:00,3.5,1.7716,1.7284
2005-04-02 20:00:00,2.9,0.7978,2.1022
2005-04-02 21:00:00,1.8,-0.7952,2.5952
2005-04-02 22:00:00,1.8,-0.6956,2.4956
2005-04-02 23:00:00,2.1,0.018,2.082
2005-04-03 00:00:00,2.5,0.5658,1.9342
2005-04-03 01:00:00,2.8,1.0708,1.7292
2005-04-03 02:00:00,2.7,0.7471,1.9529
2005-04-03 03:00:00,2.8,0.9605,1.8395
2005-04-03 04:00:00,2.0,-0.3068,2.3068
2005-04-03 05:00:00,1.0,-2.1359,3.1359
2005-04-03 06:00:00,1.3,-1.3821,2.6821
2005-04-03 07:00:00,1.7,-0.9013,2.6013
2005-04-03 08:00:00,2.4,0.1885,2.2115
2005-04-03 09:00:00,4.1,2.7754,1.3246
2005-04-03 10:00:00,3.4,2.1062,1.2938
2005-04-03 11:00:00,5.3,4.2671,1.0329
2005-04-03 12:00:00,5.3,4.1476,1.1524
2005-04-03 13:00:00,3.8,2.1825,1.6175
2005-04-03 14:00:00,4.2,2.5318,1.6682
2005-04-03 15:00:00,5.4,3.8547,1.5453
2005-04-03 16:00:00,6.3,5.0234,1.2766
2005-04-03 17:00:00,6.1,4.8,1.3
2005-04-03 18:00:00,4.6,2.9969,1.6031
2005-04-03 19:00:00,11.1,10.6766,0.4234
2005-04-03 20:00:00,7.9,7.2247,0.6753
2005-04-03 21:00:00,6.0,4.5321,1.4679
2005-04-03 22:00:00,5.8,4.4906,1.3094
2005-04-03 23:00:00,5.1,3.4766,1.6234
2005-04-04 00:00:00,3.5,1.8385,1.6615
2005-04-04 01:00:00,1.9,-0.3424,2.2424
2005-04-04 02:00:00,1.5,-1.193,2.693
2005-04-04 03:00:00,1.1,-1.9036,3.0036
2005-04-04 05:00:00,1.3,-1.2069,2.5069
2005-04-04 06:00:00,4.4,3.2885,1.1115
2005-04-04 07:00:00,17.4,18.3246,0.9246
2005-04-04 08:00:00,22.4,22.6671,0.2671
2005-04-04 09:00:00,13.6,14.7389,1.1389
2005-04-04 10:00:00,13.5,13.674,0.174
2005-04-04 11:00:00,11.4,11.1334,0.2666
2005-04-04 12:00:00,12.4,11.7671,0.6329
2005-04-04 13:00:00,9.5,9.0171,0.4829
2005-04-04 14:00:00,11.9,11.0962,0.8038
